Product URL,Product Name,Product Price,Rating,Number of Reviews,Description,ASIN,Product Description,Manufacturer
https://www.amazon.in/Lenovo-15-6-Inches-Everyday-Backpack/dp/B08R7RPVJF,"Lenovo 15.6"" (39.62cm) Slim Everyday Backpack, Made in India, Compact, Water-resistant, Organized storage:Laptop sleeve,tablet pocket,front workstation,2-side pockets,Padded adjustable shoulder straps",649,4.4 out of 5 stars,"3,063",Not available,Not available,Not available,Not available
https://www.amazon.in/GEAR-Black-Blue-Backpack-years/dp/B019HA8AYG,Gear CarryOn 16L Foldable Water Resistant School Bag//Backpack/College Bag for Men/Women - Blue Black,189,3.7 out of 5 stars,"6,466",Not available,Not available,Not available,Not available
https://www.amazon.in/ADISA-Laptop-Backpack-Office-College/dp/B0BPVLXD53,ADISA 32L Large Laptop Backpack Office Bag College Travel Back Pack with rain Cover (Grey),599,3.8 out of 5 stars,144,Not available,Not available,Not available,Not available
https://www.amazon.in/Wesley-Milestone-Waterproof-Backpack-Business/dp/B085S444JV,"Wesley Milestone 2.0 Casual Waterproof Laptop Backpack/Office Bag/School Bag/College Bag/Business Bag/Travel Backpack (Dimensions:13x18 inches) (Compatible with 39.62cm(15.6inch laptop) 30 L, Charcoal black",598,4.3 out of 5 stars,"10,968",Not available,Not available,Not available,Not available
https://www.amazon.in/Gear-Classic-Leather-Backpack-LBPCLSLTH0201/dp/B07G4F6XFH,Gear Classic 20L Faux Leather Water Resistant Anti Theft Laptop Bag/Backpack for Men/Women-Brown,988,4.4 out of 5 stars,More Like This,Not available,Not available,Not available,Not available
https://www.amazon.in/Safari-Backpack-Resistant-Polyester-Travelling/dp/B09B26VHXV,"Safari Flash Casual Backpack, 26 ltr Water Resistant Travel Bags| Weight Polyester Bagpack for Men and Women, Spacious Shoulder Bag for College, Office, Travelling and Camping",799,3.8 out of 5 stars,More Like This,Not available,Not available,Not available,Not available
https://www.amazon.in/American-Tourister-BACKPACK-COMPARTMENT-ORGANIZER/dp/B0BTD4S4XF,"American Tourister VALEX BLACK LAPTOP BACKPACK 28 Ltrs,Volume, LAPTOP COMPARTMENT, BOTTLE POCKET, FRONT ORGANIZER","1,299",4.3 out of 5 stars,More Like This,Not available,Not available,Not available,Not available
https://www.amazon.in/Half-Moon-Backpack-Luggage-Compartment/dp/B09VCLZ3K4,Half Moon Large 37L Laptop Bag Backpack for menं Women Boys and Girls Luggage Travel Bags with 17.3 inches Laptop Compartment & Rain Cover,749,3.9 out of 5 stars,More Like This,Not available,Not available,Not available,Not available
https://www.amazon.in/gp/bestsellers/shoes/1983354031/ref=sr_bs_8_1983354031_1,Lavie Women's Ushawu Satchel Bag | Ladies Purse Handbag,"1,059",4.1 out of 5 stars,More Like This,Not available,Not available,Not available,Not available
https://www.amazon.in/Wesley-Milestone-Waterproof-Backpack-Business/dp/B07PLKV6D1,Wesley Milestone 15.6 inch 25 L Casual Waterproof Laptop Backpack/Office Bag/School Bag/College Bag/Business Bag/Unisex Travel Backpack,497,4.3 out of 5 stars,"12,775",Not available,Not available,Not available,Not available
https://www.amazon.in/Safari-Laptop-Backpack-Resistant-Fabric/dp/B09B25Z8M2,"Safari Quill Laptop Backpack 26 Ltrs Water Resistant Fabric - Black, L (QUILL19CBBLK)",849,3.9 out of 5 stars,More Like This,"Safari Quill is a 26 Litres, 2 compartment laptop backpack perfect for daily usage. It has a dedicated tech safe laptop sleeve that can hold upto 17 inch laptop or any smaller ones easily. The laptop sleeve is also fully padded from the bottom protecting your device from any shock or damage. This backpack is especially designed for todays fast paced world, where everything should be compact and lightweight. This backpack is perfect for everyday usage such as college, school, tuitions, or short holiday trips. The front pocket is designed to keep your essentials organized and side mesh pockets are perfect for storing your water bottle and umberella. Made of high grade water resistant polyester fabric, this backpack will last you several trips.",Not available,"Safari Quill is a 26 Litres, 2 compartment laptop backpack perfect for daily usage. It has a dedicated tech safe laptop sleeve that can hold upto 17 inch laptop or any smaller ones easily. The laptop sleeve is also fully padded from the bottom protecting your device from any shock or damage. This backpack is especially designed for todays fast paced world, where everything should be compact and lightweight. This backpack is perfect for everyday usage such as college, school, tuitions, or short holiday trips. The front pocket is designed to keep your essentials organized and side mesh pockets are perfect for storing your water bottle and umberella. Made of high grade water resistant polyester fabric, this backpack will last you several trips.",Not available
https://www.amazon.in/Safari-Laptop-Backpack-Resistant-Fabric/dp/B09B28TKLG,"Safari Quill Laptop Backpack 26 Ltrs Water Resistant Fabric - Blue, L (QUILL19CBBLU)",849,4.0 out of 5 stars,More Like This,"Safari Quill is a 26 Litres, 2 compartment laptop backpack perfect for daily usage. It has a dedicated tech safe laptop sleeve that can hold upto 17 inch laptop or any smaller ones easily. The laptop sleeve is also fully padded from the bottom protecting your device from any shock or damage. This backpack is especially designed for todays fast paced world, where everything should be compact and lightweight. This backpack is perfect for everyday usage such as college, school, tuitions, or short holiday trips. The front pocket is designed to keep your essentials organized and side mesh pockets are perfect for storing your water bottle and umberella. Made of high grade water resistant polyester fabric, this backpack will last you several trips.",Not available,"Safari Quill is a 26 Litres, 2 compartment laptop backpack perfect for daily usage. It has a dedicated tech safe laptop sleeve that can hold upto 17 inch laptop or any smaller ones easily. The laptop sleeve is also fully padded from the bottom protecting your device from any shock or damage. This backpack is especially designed for todays fast paced world, where everything should be compact and lightweight. This backpack is perfect for everyday usage such as college, school, tuitions, or short holiday trips. The front pocket is designed to keep your essentials organized and side mesh pockets are perfect for storing your water bottle and umberella. Made of high grade water resistant polyester fabric, this backpack will last you several trips.",Not available
https://www.amazon.in/POLESTAR-Vintage-Laptop-Backpack-bagpack/dp/B081GSQ9D9,"POLESTAR Vintage 15.6 inch 32 LTR Casual Laptop Backpack/Office Bag/School Bag/College Bag/Business Bag/Unisex Backpack, Water Resistant and Light Weight, 1 year Warranty",549,3.9 out of 5 stars,More Like This,Not available,Not available,Not available,Not available
https://www.amazon.in/Wesley-Milestone-Waterproof-Backpack-Business/dp/B07K8KLB3P,"Wesley Unisex Milestone Casual Waterproof Laptop Office School College Business Travel Backpack 25 L (Dimensions: 12.5x18 inches) (Compatible with 15.6 inch laptops), Navy Blue",425,4.3 out of 5 stars,"12,775",Not available,Not available,Not available,Not available
https://www.amazon.in/ADISA-BP005-Weight-Casual-Backpack/dp/B07F3X45WZ,ADISA Light Weight Laptop Backpack 32 Ltrs,499,4.0 out of 5 stars,"5,865",Not available,Not available,Not available,Not available
https://www.amazon.in/Fur-Jaden-Black-Waterproof-Backpack/dp/B078GLXMDY,FUR JADEN Anti Theft Backpack 15.6 Inch Laptop Bag with USB Charging Port For Men Women Boys Girls,899,4.0 out of 5 stars,More Like This,Not available,Not available,Not available,Not available
https://www.amazon.in/gp/bestsellers/luggage/2917440031/ref=sr_bs_0_2917440031_1,Boldfit Waist Bag for Men Fanny Pack for Women Fanny Pack for Men Waist Bag for Women Chest Bag for Women Waist Pouch for Men Waist Bag for Boys Waist Bags for Girls Fanny Bag - Black,299,4.4 out of 5 stars,631,Not available,Not available,Not available,Not available
https://www.amazon.in/Lavie-Sport-Duffle-Luggage-Trolley/dp/B097RJ22Q3,Lavie Sport Lino Large Size 63 cms Wheel Duffle Bag for Travel | Travel Bag with Trolley,"1,199",4.0 out of 5 stars,More Like This,Not available,Not available,Not available,Not available
https://www.amazon.in/AUXTER-BLACKY-Duffel-Emboss-Black/dp/B07F2H25NP,AUXTER Faux Leather 23 Cms Duffle Bag(AUX_GB_LE_Black -SE_0521_Black),376,4.3 out of 5 stars,More Like This,Not available,Not available,Not available,Not available
https://www.amazon.in/Zipline-Nexa-Resistant-Bagpack-Backpack/dp/B08WQ668WJ,Zipline Unisex Casual Polyester 36 L Backpack School Bag Women Men Boys Girls Children Daypack College Bag Book School Sports Bag,843,3.7 out of 5 stars,More Like This,Not available,Not available,Not available,Not available
https://www.amazon.in/Step-Backpack-Small-Water-Repellant/dp/B088XH1BP7,"Mi Step Out 12 L Mini Backpack (Small Size, Dark Blue, Water Repellant)",398,4.1 out of 5 stars,"9,018",Not available,Not available,Not available,Not available
https://www.amazon.in/ADISA-Laptop-Backpack-Office-College/dp/B0BPVCBFM7,ADISA 32L Large Laptop Backpack Office Bag College Travel Back Pack with rain Cover (Green),599,3.8 out of 5 stars,144,Not available,Not available,Not available,Not available
https://www.amazon.in/ADISA-Laptop-Backpack-Office-College/dp/B0BPTV3795,ADISA 32L Large Laptop Backpack Office Bag College Travel Back Pack with rain Cover (Black),599,3.8 out of 5 stars,144,Not available,Not available,Not available,Not available
https://www.amazon.in/Gear-Vintage2-Leather-Backpack-LBPVG2LTH1901/dp/B07G4F3758,Gear Vintage2 Anti Theft Faux Leather 18 cms Tan Laptop Backpack,836,4.3 out of 5 stars,More Like This,Not available,Not available,Not available,Not available
https://www.amazon.in/Casual-Backpack-Charging-Laptop-Compartment/dp/B07J46KLFP,"Fur Jaden 15.6 Inch Laptop Backpack 25 LTR Bag for School, College and Office with USB Charging Port",499,3.9 out of 5 stars,More Like This,Not available,Not available,Not available,Not available
https://www.amazon.in/WILDHORN-Backpack-Compartment-Business-Stitching/dp/B09QL66G55,"WILDHORN 31L Laptop Backpack for Men/Women I Fits upto 15.6"" Laptop I Waterproof I Travel/Business/College Bookbags",599,4.0 out of 5 stars,More Like This,Not available,Not available,Not available,Not available
https://www.amazon.in/Gear-Vintage2-Leather-Backpack-LBPVG2LTH0101/dp/B07G44G1DC,Gear Vintage2 28L Faux Leather Water Resistant Anti Theft Laptop Bag/Backpack for Men/Women-Black,990,4.4 out of 5 stars,More Like This,Not available,Not available,Not available,Not available
https://www.amazon.in/Half-Moon-Backpack-Spacious-Multiple/dp/B0C23Z9W18,Half Moon Aztec 37L School Bag Class 5-12 | College Bagpack for Men/College Back pack for Women | 15.6 inch Laptop Bag for Men/Backpack for Men | Spacious & Multiple Pockets,549,4.4 out of 5 stars,More Like This,Not available,Not available,Not available,Not available
https://www.amazon.in/Tabelito-Laptop-Backpack-15-6-inch-Repellent/dp/B08Y5S6C2P,"Tabelito® Casual Laptop Bag 15.6inch (39.6 cm) , 25 LTR Office College School Bags Business Travel Backpack for Men Women Water Resistant Bags(BLACK)",549,4.1 out of 5 stars,"1,736",Not available,Not available,Not available,Not available
https://www.amazon.in/Trajectory-Elegant-15-6-Laptop-Office/dp/B09RK6NCGC,Trajectory 15.6 Inch Vegan Leather Messenger Laptop bag for men in Office for all laptop like Apple MacBook with 2 Years Warranty and Spacious Multiple Compartment with Expandable Bottom Used as Shoulder and Handbag for Men,"1,399",4.1 out of 5 stars,394,Not available,Not available,Not available,Not available
https://www.amazon.in/ADISA-Laptop-Backpack-Office-College/dp/B0BXQZ6Q85,ADISA Large Laptop Backpack Office Bag College Travel Back Pack with USB (Black),499,4.0 out of 5 stars,41,Not available,Not available,Not available,Not available
https://www.amazon.in/Lino-Perros-Womens-Floral-Peach/dp/B0B57B7KV7,Lino Perros womens handbag,"1,389",4.1 out of 5 stars,More Like This,Not available,Not available,Not available,Not available
https://www.amazon.in/Gizga-Essentials-Organizer-Multi-Utility-Cosmetics/dp/B09WVRKYCJ,"Gizga Essentials Travel Toiletry Kit Bag for Men & Women, Travel Organizer Case with Handle & Hook, Premium Zipper, Multiple Pockets, Multi-Utility Pouch for Shaving Makeup Cosmetics, Light Grey",413,4.3 out of 5 stars,118,Not available,Not available,Not available,Not available
https://www.amazon.in/DZert-Polyester-Black-White-Laptop/dp/B07H193V57,DZert Clasy Laptop Bag College Bag for Boys Girls 21 L Black,339,3.8 out of 5 stars,More Like This,Not available,Not available,Not available,Not available
https://www.amazon.in/Lify-Womens-Shoulder-Crossbody-Handbag/dp/B09JWMW646,Lify Women's Retro Large Size Canvas Shoulder Bag Hobo Crossbody Handbag Casual Tote - 1 Piece,320,3.8 out of 5 stars,More Like This,Not available,Not available,Not available,Not available
https://www.amazon.in/Polestar-Liters-Polyester-Casual-Backpack/dp/B09243WY6M,"POLESTAR Enzo 15.6 inch 35 LTR Casual Laptop Backpack/Office Bag/School Bag/College Bag/Business Bag/Unisex Backpack, Water Resistant and Light Weight, 1 year Warranty",619,4.2 out of 5 stars,More Like This,Not available,Not available,Not available,Not available
https://www.amazon.in/Half-Moon-Laptop-Bag-Compartment/dp/B0C1NZLF67,Half Moon Valex Unisex School Bag/Laptop Backpack/College Bagpack/Office Back Packed | Laptop Bag for Men & Women | School Bags for Boys & Girls with Small Pockets & Laptop Compartment,549,4.3 out of 5 stars,More Like This,Not available,Not available,Not available,Not available
https://www.amazon.in/Amazon-Basics-Casual-Backpack-15-6-inch/dp/B09W4WJ1CB,Amazon Basics 20 ltrs Casual/Travel/College Backpack for 15.6-inch Laptop | Water Resistant Fabric,459,4.2 out of 5 stars,538,Not available,Not available,Not available,Not available
https://www.amazon.in/Half-Moon-Resistant-Backpack-Compartment/dp/B0BHX7GY16,Half Moon Large 37L Laptop Bag Backpack for menं Women Boys and Girls Luggage Travel Bags with 17.3 inches Laptop Compartment & Rain Cover,749,3.9 out of 5 stars,More Like This,Not available,Not available,Not available,Not available
https://www.amazon.in/PAZZO-Alto-40L-Casual-Backpack/dp/B07VT3F795,"PAZZO Alto 40L Casual Backpack - 3 Compartment Travel Backpack, College|School Bag with 1 Year Warranty",849,4.0 out of 5 stars,More Like This,Not available,Not available,Not available,Not available
https://www.amazon.in/Lunars-Router-Resistant-Raincover-Organiser/dp/B08YR63B9M,"Lunar's 35 L Laptop Office/School/Travel/Business Backpack Water Proof - Fits Up to 15.6 Inch Laptop Notebook, With Raincover, Inside Organiser and 1 Year Warranty (All)",849,3.8 out of 5 stars,More Like This,Not available,Not available,Not available,Not available
https://www.amazon.in/Adjustable-Backpack-Charging-Resistant-Bussiness/dp/B084NZFNGS,"Arctic Hunter Backpack,Original 41L Expandable Laptop Bag Business Travel Backpack with 17 inch Laptop Pocket 3 in 1 Convertible Laptop Backpack Tech Bag with USB Charging Port Water-resistant Multiple Compartments Large Capacity Bag for Men Women Travel Business College","3,419",4.5 out of 5 stars,More Like This,Not available,Not available,Not available,Not available
https://www.amazon.in/Classic-Leather-Laptop-Backpack-LBPCLSLTH1901/dp/B07G4CYC74,Gear Classic 20L Faux Leather Water Resistant Anti Theft Laptop Bag/Backpack for Men/Women-Tan,990,4.4 out of 5 stars,More Like This,"Gear bags are designed for the quick commute as well for the long journey. these backpacks can be used as laptop bags,adventure bags and so on. Your favorite travel companion, The backpacks come with enough storage space to carry all your requirements.",Not available,"Gear bags are designed for the quick commute as well for the long journey. these backpacks can be used as laptop bags,adventure bags and so on. Your favorite travel companion, The backpacks come with enough storage space to carry all your requirements.",Not available
https://www.amazon.in/Storite-Leather-Sling-Bag-Brown/dp/B08TR8RMNH,"Storite Stylish Multi-Pocket Small Sling Cross Body Travel Messenger One Side Shoulder Bag for Men & Women (Brown, 20.5x9x16.5cm)",798,4.0 out of 5 stars,More Like This,Not available,Not available,Not available,Not available
https://www.amazon.in/Gear-Bounce-Backpack-Grey-Orange-BKPBOUNCE0604/dp/B097KCLF5F,Gear Bounce 27 Ltrs Water Resistant School Bag/Backpack/College Bag for Men/Women-Grey Orange,593,3.6 out of 5 stars,424,"Gear bags are designed for the quick commute as well for the long journey. These backpacks can be used as laptop bags, adventure bags and so on. Your favorite travel companion, the backpacks come with enough storage space to carry all your requirements.",Not available,"Gear bags are designed for the quick commute as well for the long journey. These backpacks can be used as laptop bags, adventure bags and so on. Your favorite travel companion, the backpacks come with enough storage space to carry all your requirements.",Not available
https://www.amazon.in/DZert-Fabric-Multicolour-Spiderman-Printed/dp/B07BNS3KNX,DZert Kids School Bag Soft Plush Backpacks Cartoon Boys Girls Baby (2-5 Years),239,3.8 out of 5 stars,More Like This,Not available,Not available,Not available,Not available
https://www.amazon.in/Fur-Jaden-resistant-Backpack-BM100_Brown/dp/B07P5X6NSN,FUR JADEN Vegan Leather 30L 15.6 Inch Laptop Backpack for Men Women for Office Professionals and College Students,899,4.2 out of 5 stars,"2,292",Not available,Not available,Not available,Not available
https://www.amazon.in/Lavie-Odiase-Womens-Satchel-Handbag/dp/B08SW9RJ75,Lavie Women's Odiase Medium Satchel Bag | Ladies Purse Handbag,"1,319",4.1 out of 5 stars,More Like This,Not available,Not available,Not available,Not available
https://www.amazon.in/WILD-MODA-Womens-Shoulder-Turquoise/dp/B099PLT91X,"WILD MODA Women's Shoulder Bag, Set of 1",849,4.2 out of 5 stars,More Like This,Not available,Not available,Not available,Not available
https://www.amazon.in/F-Gear-Milestone-Casual-Laptop-Backpack/dp/B08FX1R6WY,F Gear Milestone Olive Casual 20 Ltrs Laptop Backpack (3376),"1,023",4.0 out of 5 stars,More Like This,Not available,Not available,Not available,Not available
https://www.amazon.in/Genie-Flamenco2-Backpack-Compatible-Resistant/dp/B08YF1XJXY,"Genie Flamenco Laptop Backpack for Women, 16 inches Office Bag, Sky Blue Stylish and Trendy Bag for Office and College",799,4.4 out of 5 stars,"2,997",Not available,Not available,Not available,Not available
https://www.amazon.in/American-Tourister-LAPTOP-BACKPACK-POLYESTER/dp/B0BLCC945Z,American Tourister SPIN LAPTOP BACKPACK 28L POLYESTER TEAL,"1,399",4.1 out of 5 stars,More Like This,Not available,Not available,Not available,Not available
https://www.amazon.in/Hammonds-Flycatcher-Brown-Mens-Laptop/dp/B01LYDRI9V,"Hammonds Flycatcher Genuine Leather Laptop Bag for Men/Office Bag for Men, Brown | Fits Upto 16 Inch Laptop/MacBook | Leather Bag with Shoulder Straps | Laptop Messenger Bag/Leather Bag for Men","2,899",4.4 out of 5 stars,"2,413",Not available,Not available,Not available,Not available
https://www.amazon.in/SKYTONE-Cosmetic-Bag-Cosmetics-Organizer/dp/B0BV358QKF,"SKYTONE 12cms Large Capacity Cosmetic Travel Bag, Women's Makeup Travel Bag Portable Leather Cosmetics Bag, Makeup Storage Bags with Handle and Divider, Wide Opening Cosmetic/Makeup Organizer (L_Pink)",749,3.9 out of 5 stars,141,Not available,Not available,Not available,Not available
https://www.amazon.in/Tabelito-NEO-Backpack-Business-Compartment/dp/B0C2D2XC4H,"Tabelito® NEO 3O L Water Resistant Laptop/College/Office/School/Travel/Business Bag, Unisex Backpack for Men Women Fits Up to 15.6 Inch Laptop Notebook.",398,5.0 out of 5 stars,More Like This,Not available,Not available,Not available,Not available
https://www.amazon.in/WildHorn-Genuine-Leather-Messenger-8-5inch/dp/B07GLHSB86,WildHorn Leather 8.5 inch Sling Messenger Bag for Men I Multipurpose Crossbody Bag I Travel Bag with Adjustable Strap I DIMENSION: L- 8.5inch H- 10.5inch W- 3inch,"1,999",4.3 out of 5 stars,More Like This,Not available,Not available,Not available,Not available
https://www.amazon.in/AmazonBasics-Casual-Backpack-Office-15-6-inch/dp/B09W4VMZ79,AmazonBasics - Casual Backpack/Office Bag/ for a 15.6-inch Laptop,699,4.2 out of 5 stars,538,Not available,Not available,Not available,Not available
https://www.amazon.in/Wildcraft-Hopper-Laptop-Backpack-Blue/dp/B07YNL6H8H,Wildcraft Hopper 1.0 Laptop Backpack 24L (Blue),"1,390",4.5 out of 5 stars,7,Not available,Not available,Not available,Not available
https://www.amazon.in/Backpack-Business-Backpacks-Charging-Resistant/dp/B094DGXXR5,"FUR JADEN Travel Laptop Backpack, Business Backpacks with USB Charging Port, Water Resistant College School Computer Bag for Men & Women Fits Under 15.6 inch Laptop and Notebook","1,099",4.1 out of 5 stars,More Like This,Not available,Not available,Not available,Not available
https://www.amazon.in/Nishi-Backpack-Waterproof-Stylish-College/dp/B0BR9W54MW,"Nishi Medium Kids Backpack Waterproof Backpack, Girls & Women Stylish Trendy College, School & College Bag Black",389,3.3 out of 5 stars,More Like This,Not available,Not available,Not available,Not available
https://www.amazon.in/NORTH-ZONE-Lightweight-Backpacks-Stylish/dp/B0BL3SPN16,NORTH ZONE Lightweight school bags Backpacks for Boys Girls Stylish men and women Casual Travel Laptop Bag College office,568,3.9 out of 5 stars,More Like This,Not available,Not available,Not available,Not available
https://www.amazon.in/Amazon-Brand-Backpack-15-6-inch-Laptops/dp/B076QFBFRG,"Amazon Brand - Solimo Laptop Backpack for 15.6-inch Laptops (27 litres, Black)",549,3.9 out of 5 stars,"1,322",Not available,Not available,Not available,Not available
https://www.amazon.in/Harissons-Vervo-Laptop-Backpack-Built/dp/B07M5P5LW3,"HARISSONS Bags Vervo 15.6-inch Laptop/Travel/Casual Backpack for Men and Women with Rain Cover (Black, 40 Ltrs) | Quick Access Zippered Pocket, Detailed Organizers & a Detachable Key Chain Holder","2,960",4.3 out of 5 stars,More Like This,Not available,Not available,Not available,Not available
https://www.amazon.in/Priority-ARC-Red-Polyester-Trolley/dp/B08HHD4T6W,Priority ARC 56 cm Red Polyester 2 Wheel Duffle Trolley Bag | Travel Luggage for Men & Women,397.,4.0 out of 5 stars,More Like This,Not available,Not available,Not available,Not available
https://www.amazon.in/NISUN-Zipper-Sling-Black-Grey/dp/B09BZNTFLX,"NISUN Stylish Nylon 7 Zipper Multi Pocket Small Sling Cross Body Travel Messenger One Side Shoulder Bag For Men Women (Black & Grey,21x27x10.5 cm)",598,4.0 out of 5 stars,More Like This,Not available,Not available,Not available,Not available
https://www.amazon.in/Protecta-Professional-15-6-inch-Briefcase-Geometric/dp/B07GNCRCP4,Protecta The Professional Laptop Bag Briefcase for Laptops with Screen Size Up to 15.6 Inch (Black & Indian Geometric Print),669,4.4 out of 5 stars,"1,443",Not available,Not available,Not available,Not available
https://www.amazon.in/PLAYY-BAGS-Backpack-College-Students/dp/B099N8JRVJ,PLAYY BAGS Large 35 L Laptop Bag/Backpack for Men Women Boys Girls Office School College Teens & Students Navy Blue,599,3.4 out of 5 stars,More Like This,Not available,Not available,Not available,Not available
https://www.amazon.in/Lavie-Sport-Laptop-Backpack-BDEI323043M3/dp/B07VCKRMJ5,Lavie Sport Atlantis Backpack with Laptop Sleeve | Men | Women | 15 inch Laptop Compatible | 3 compartments | Office Business Casual Bagpack,969,4.4 out of 5 stars,More Like This,Not available,Not available,Not available,Not available
https://www.amazon.in/Tinytot-School-Backpack-College-Multipurpose/dp/B09C5JVWCW,Tinytot School Bag School Backpack College Backpack Travel Backpack Office Backpack Multipurpose Backpack Picnic Bag for Boys & Girls,589,4.3 out of 5 stars,More Like This,Not available,Not available,Not available,Not available
https://www.amazon.in/Wearslim-Sports-Leather-Crossbody-Shoulder/dp/B096B9SZWN,"Wearslim Gym Bag, Sports Edition PU Leather Gym Duffel Bag, Crossbody Bag, Gym Yoga Bag, Travel Shoulder Bag for Men and Women - Black",299,5.0 out of 5 stars,1,Not available,Not available,Not available,Not available
https://www.amazon.in/BROGBUS-Business-Messenger-Sling-10-05inch/dp/B09QLD9GJY,"BROGBUS pu Leather Men Bag Casual Business Messenger Bag for Cross body Bag Male Shoulder Bags PU Leather Sling Messenger Bag (Brown, L- 10.05inch H- 11.5inch W- 3inch)",939,4.0 out of 5 stars,More Like This,Not available,Not available,Not available,Not available
https://www.amazon.in/SKYBAGS-Unisex-Luggage-Duffel-Bag-DFHUS55ONG/dp/B07F342RQD,Skybags polyester 28 Cms Duffle Bag(SKYBAGS_DFHUS55ONG_Orange),"1,520",4.3 out of 5 stars,More Like This,This Soft Travel Duffle From Skybags Is made of strong & lightweight Polyester Shells. Re-engineered lightweight spinner wheels For effortless mobility.,Not available,This Soft Travel Duffle From Skybags Is made of strong & lightweight Polyester Shells. Re-engineered lightweight spinner wheels For effortless mobility.,Not available
https://www.amazon.in/F-Gear-Bi-Frost-Backpack-Grey/dp/B01JGD0FYM,F Gear Bi Frost 47 cms Casual Laptop Backpack (2472) - Grey,699,4.0 out of 5 stars,More Like This,Not available,Not available,Not available,Not available
https://www.amazon.in/Tripole-Foldable-PAKEASY-Backpack-Hiking/dp/B0B24Q1XX3,TriPole Foldable PAKEASY Backpack and Day Bag for Hiking and Day Trips,599,4.1 out of 5 stars,More Like This,"PAKEasy are foldable backpacks that can be easily carried in a bigger backpack to be used later for day hikes, city trips or whichever short term utility purpose that it solves. The bag folds unto itself without needing an extra pouch and once opened, its lush with space and all the technical features required out of a hiking backpack. Available in various color, PAKEasy is your go to portable backpacks. Tripole Gears is an outdoor brand based out of India aiming to bring people and outdoors closer to each other.",Not available,"PAKEasy are foldable backpacks that can be easily carried in a bigger backpack to be used later for day hikes, city trips or whichever short term utility purpose that it solves. The bag folds unto itself without needing an extra pouch and once opened, its lush with space and all the technical features required out of a hiking backpack. Available in various color, PAKEasy is your go to portable backpacks. Tripole Gears is an outdoor brand based out of India aiming to bring people and outdoors closer to each other.",Not available
https://www.amazon.in/Martucci-Backpack-College-Reflective-Airport/dp/B0B7DVC3TL,Martucci Large 35 L Backpack Spacy Unisex/College/School/Travel Backpack with Rain Cover and Reflective Strip,765,4.0 out of 5 stars,More Like This,Not available,Not available,Not available,Not available
https://www.amazon.in/Harissons-Office-Laptop-Backpacks-Women/dp/B09D3YYYNG,HARISSONS Bags Volt 15.6 inch Office Laptop Backpacks for Men and Women,"1,504",4.1 out of 5 stars,More Like This,Not available,Not available,Not available,Not available
https://www.amazon.in/Nivia-5412OG-Polyester-Sports-Orange/dp/B07HCP7W3K,NIVIA Sports Space Polyester Gym Bag/Unisex Gym Bags/Adjustable Shoulder Bag for Men/Duffle Gym Bags for Men/Fitness Bag/Sports and Travel Bag/Sports Kit/Duffle Bags Travel,674,4.3 out of 5 stars,"1,073",Not available,Not available,Not available,Not available
https://www.amazon.in/EVRUM-Business-Protection-Crossbody-Waterproof/dp/B0BX6VKQ35,"EVRUM Sling Bag For Men CrossBody Backpack For Men Women, Anti-Theft Chest Bag With USB Charging Port, Waterproof Casual Shoulder Bag Travel Hiking Sling Backpack Carbon Fiber","1,619",4.8 out of 5 stars,71,Not available,Not available,Not available,Not available
https://www.amazon.in/Gear-Superior-Casual-Backpack-BKPSPRIOR0001/dp/B08GY2ZN96,Gear Superior 16LWater Resistant School Bag//Backpack/College Bag for Men/Women - Black,399,3.9 out of 5 stars,More Like This,Not available,Not available,Not available,Not available
https://www.amazon.in/Tommy-Hilfiger-Summer-Polyester-Backpack/dp/B0BLNL258S,Tommy Hilfiger Summer Unisex Polyester 15 inch Laptop Backpack Black,"3,510",3.5 out of 5 stars,More Like This,Not available,Not available,Not available,Not available
https://www.amazon.in/Lavie-Sport-Casual-Backpack-Charge/dp/B083KW31YD,Lavie Sport Charge 36 litres Backpack with Laptop Sleeve | School College Bag for Boys & Girls,839,3.9 out of 5 stars,More Like This,Not available,Not available,Not available,Not available
https://www.amazon.in/Aristocrat-Draw-Pack-Unisex-Grey-Laptop/dp/B0B5YGP1BV,Aristocrat Draw-Pack 15L Unisex Grey Laptop Bags,499,4.3 out of 5 stars,More Like This,Not available,Not available,Not available,Not available
